{"total_detections": 220, "area_data": [14.616, 4.35, 3.808, 2.64, 0.88, 0.432, 0.432, 14.616, 4.35, 3.808, 2.64, 0.88, 0.432, 0.432, 14.616, 4.35, 3.808, 2.64, 0.88, 0.432, 0.432, 332.004, 68.376, 9.0, 15.476, 33.908, 12.0, 5.368, 4.83, 4.96, 5.032, 4.88, 6.762, 3.808, 3.948, 9.12, 1.92, 7.198, 1.092, 13.68, 0.576, 12.648, 2.484, 0.372, 0.696, 0.41, 0.228, 5.848, 17.446, 5.656, 8.686, 0.308, 2.494, 164.016, 50.0, 6.37, 164.016, 50.0, 6.37, 164.016, 50.0, 6.37, 164.016, 50.0, 6.37, 164.016, 50.0, 6.37, 164.016, 50.0, 6.37, 164.016, 50.0, 6.37, 9.0, 15.476, 33.908, 12.0, 5.368, 4.83, 4.96, 5.032, 4.88, 6.762, 3.808, 3.948, 9.12, 1.92, 7.198, 1.092, 13.68, 0.576, 12.648, 2.484, 0.372, 0.696, 0.41, 0.228, 5.848, 17.446, 5.656, 8.686, 0.308, 2.494, 9.0, 15.476, 33.908, 12.0, 5.368, 4.83, 4.96, 5.032, 4.88, 6.762, 3.808, 3.948, 9.12, 1.92, 7.198, 1.092, 13.68, 0.576, 12.648, 2.484, 0.372, 0.696, 0.41, 0.228, 5.848, 17.446, 5.656, 8.686, 0.308, 2.494, 164.016, 50.0, 6.37, 164.016, 50.0, 6.37, 164.016, 50.0, 6.37, 164.016, 50.0, 6.37, 164.016, 50.0, 6.37, 164.016, 50.0, 6.37, 9.0, 15.476, 33.908, 12.0, 5.368, 4.83, 4.96, 5.032, 4.88, 6.762, 3.808, 3.948, 9.12, 1.92, 7.198, 1.092, 13.68, 0.576, 12.648, 2.484, 0.372, 0.696, 0.41, 0.228, 5.848, 17.446, 5.656, 8.686, 0.308, 2.494, 164.016, 50.0, 6.37, 164.016, 50.0, 6.37, 9.0, 15.476, 33.908, 12.0, 5.368, 4.83, 4.96, 5.032, 4.88, 6.762, 3.808, 3.948, 9.12, 1.92, 7.198, 1.092, 13.68, 0.576, 12.648, 2.484, 0.372, 0.696, 0.41, 0.228, 5.848, 17.446, 5.656, 8.686, 0.308, 2.494, 44.94, 10.53], "cost_data": [730.8, 217.49999999999997, 190.39999999999998, 132.0, 44.0, 21.6, 21.6, 730.8, 217.49999999999997, 190.39999999999998, 132.0, 44.0, 21.6, 21.6, 730.8, 217.49999999999997, 190.39999999999998, 132.0, 44.0, 21.6, 21.6, 16600.2, 3418.8, 450.0, 773.8000000000001, 1695.4, 600.0, 268.40000000000003, 241.5, 248.0, 251.6, 244.0, 338.09999999999997, 190.39999999999998, 197.4, 455.99999999999994, 96.0, 359.90000000000003, 54.6, 684.0, 28.799999999999997, 632.4, 124.2, 18.6, 34.8, 20.5, 11.4, 292.4, 872.3000000000001, 282.8, 434.3, 15.4, 124.70000000000002, 8200.8, 2500.0, 318.5, 8200.8, 2500.0, 318.5, 8200.8, 2500.0, 318.5, 8200.8, 2500.0, 318.5, 8200.8, 2500.0, 318.5, 8200.8, 2500.0, 318.5, 8200.8, 2500.0, 318.5, 450.0, 773.8000000000001, 1695.4, 600.0, 268.40000000000003, 241.5, 248.0, 251.6, 244.0, 338.09999999999997, 190.39999999999998, 197.4, 455.99999999999994, 96.0, 359.90000000000003, 54.6, 684.0, 28.799999999999997, 632.4, 124.2, 18.6, 34.8, 20.5, 11.4, 292.4, 872.3000000000001, 282.8, 434.3, 15.4, 124.70000000000002, 450.0, 773.8000000000001, 1695.4, 600.0, 268.40000000000003, 241.5, 248.0, 251.6, 244.0, 338.09999999999997, 190.39999999999998, 197.4, 455.99999999999994, 96.0, 359.90000000000003, 54.6, 684.0, 28.799999999999997, 632.4, 124.2, 18.6, 34.8, 20.5, 11.4, 292.4, 872.3000000000001, 282.8, 434.3, 15.4, 124.70000000000002, 8200.8, 2500.0, 318.5, 8200.8, 2500.0, 318.5, 8200.8, 2500.0, 318.5, 8200.8, 2500.0, 318.5, 8200.8, 2500.0, 318.5, 8200.8, 2500.0, 318.5, 450.0, 773.8000000000001, 1695.4, 600.0, 268.40000000000003, 241.5, 248.0, 251.6, 244.0, 338.09999999999997, 190.39999999999998, 197.4, 455.99999999999994, 96.0, 359.90000000000003, 54.6, 684.0, 28.799999999999997, 632.4, 124.2, 18.6, 34.8, 20.5, 11.4, 292.4, 872.3000000000001, 282.8, 434.3, 15.4, 124.70000000000002, 8200.8, 2500.0, 318.5, 8200.8, 2500.0, 318.5, 450.0, 773.8000000000001, 1695.4, 600.0, 268.40000000000003, 241.5, 248.0, 251.6, 244.0, 338.09999999999997, 190.39999999999998, 197.4, 455.99999999999994, 96.0, 359.90000000000003, 54.6, 684.0, 28.799999999999997, 632.4, 124.2, 18.6, 34.8, 20.5, 11.4, 292.4, 872.3000000000001, 282.8, 434.3, 15.4, 124.70000000000002, 2247.0, 526.5]}