{"total_detections": 21, "area_data": [14.616, 4.35, 3.808, 2.64, 0.88, 0.432, 0.432, 14.616, 4.35, 3.808, 2.64, 0.88, 0.432, 0.432, 14.616, 4.35, 3.808, 2.64, 0.88, 0.432, 0.432], "cost_data": [730.8, 217.49999999999997, 190.39999999999998, 132.0, 44.0, 21.6, 21.6, 730.8, 217.49999999999997, 190.39999999999998, 132.0, 44.0, 21.6, 21.6, 730.8, 217.49999999999997, 190.39999999999998, 132.0, 44.0, 21.6, 21.6]}